Review..,Brand,Variety,Style,Country,Stars,Top.Ten
2580,New Touch,T's Restaurant Tantanmen ,Cup,Japan,3.75,
2578,Nissin,Cup Noodles Chicken Vegetable,Cup,USA,2.25,
2575,Samyang Foods,Kimchi song Song Ramen,Pack,South Korea,4.75,
2574,Acecook,Spice Deli Tantan Men With Cilantro,Cup,Japan,4,
2573,Ikeda Shoku,Nabeyaki Kitsune Udon,Tray,Japan,3.75,
2572,Ripe'n'Dry,Hokkaido Soy Sauce Ramen,Pack,Japan,0.25,
2569,Yamachan,Yokohama Tonkotsu Shoyu,Pack,USA,5,
2568,Nongshim,Mr. Bibim Stir-Fried Kimchi Flavor,Pack,South Korea,4.25,
2567,Nissin,Deka Buto Kimchi Pork Flavor,Bowl,Japan,4.5,
2563,Yamachan,Tokyo Shoyu Ramen,Pack,USA,5,
2561,Paldo,Premium Gomtang,Pack,South Korea,4,
2559,Jackpot Teriyaki,Beef Ramen,Pack,USA,5,
2557,Yamachan,Sapporo Miso Ramen,Pack,USA,4.75,
2555,Samyang Foods,Song Song Kimchi Big Bowl,Bowl,South Korea,4.25,
2553,Nissin,Hakata Ramen Noodle White Tonkotsu,Bowl,Japan,4.75,
2550,Samyang Foods,Paegaejang Ramen,Pack,South Korea,5,
2548,Ottogi,Plain Instant Noodle No Soup Included,Pack,South Korea,NA,
2546,New Touch,Sugo-Men Kyoto Backfat Shoyu Ramen,Bowl,Japan,3.75,
2544,Lipton,Cup-A-Soup Chicken Noodle With White Meat Instant Soup,Box,USA,1.5,
2542,Acecook,Super Cup Yochan Ika Yakisoba,Tray,Japan,1.5,
2541,Nissin,Cup Noodles Very Veggie Spicy Chicken Flavor Ramen Noodle Soup,Cup,USA,5,
2538,Nissin,Cup Noodles Very Veggie Beef Flavor Ramen Noodle Soup,Cup,USA,5,
2535,Nissin,Cup Noodles Very Veggie Chicken Flavor Ramen Noodle Soup,Cup,USA,5,
2534,Fujiwara,Hokkaido Hakodate Shoyu Ramen,Pack,Japan,4,
2533,Nongshim,Shin Ramyun Black,Pack,South Korea,5,
2532,Nissin,Nippon Onomichi Ramen,Bowl,Japan,4.75,
2530,Ottogi,Ppushu Ppushu Noodle Snack Honey Butter ,Pack,South Korea,2,
2529,Maruchan,Gotsumori Chanpon Ramen,Bowl,Japan,4.5,
2526,Samyang Foods,Jjamppong Big Bowl,Bowl,South Korea,4.5,
2525,Sokensha,Curry Udon,Pack,Japan,3.5,
2523,Nongshim,Budae Jjigae Noodle Soup,Pack,South Korea,4.5,
2522,Takamori,Hearty Japanese Style Curry Udon,Pack,Japan,5,
2519,Guava Story,Anchovy Flavor Guava Rice Noodles,Tray,South Korea,1,
2518,Samurai Ramen,Umami Ramen,Pack,Japan,4,
2517,Ikeda Shoku,Nabeyaki Tempura Udoin,Bowl,Japan,4.5,
2516,Fujiwara,Hokkaido Hakodate Miso Ramen,Pack,Japan,3.5,
2514,Ogasawara,Kirin Giraffe Shoyu Ramen,Pack,Japan,4.5,
2513,Pringles,Nissin Top Ramen Chicken Flavor Potato Crisps ,Can,USA,3.5,
2511,Samyang Foods,Samyang Ramen Classic Edition,Bowl,South Korea,5,
2508,Samyang Foods,Mala Buldak Bokkeummyun,Pack,South Korea,3.75,
2505,Acecook,Super Cup Torigawa Shoyu,Bowl,Japan,3.5,
2504,Nongshim,Shin Ramyun,Pack,South Korea,3,
2483,Paldo,Bul Jjamppong,Bowl,South Korea,5,
2481,Samyang Foods,Buldak Bokkeummyun,Cup,South Korea,3.75,
2480,Acecook,Pork Wantan Men,Bowl,Japan,4.25,
2476,Samyang Foods,Kimchi Stew Ramyun,Bowl,South Korea,4,
2475,Maruchan,Seimen Red Spicy Dandan Men,Bowl,Japan,4.75,
2474,Ottogi,Ppushu Ppushu Noodle Snack Chilli Cheese Flavor,Pack,South Korea,4.25,
2473,Tokyo Noodle,Mini Instant Noodle Mild Curry Flavor,Pack,Japan,2,
2470,Myojo,Udon Japanese Style Noodles With Soup Base Hot & Sour Flavor,Pack,USA,3.75,
2468,Acecook,Dossari Yasai Chanpon,Cup,Japan,4.25,
2467,Paldo,Volcano Curry Kkokkomyun,Pack,South Korea,3.5,
2464,Wang,Extreme Spicy Hot Chicken Flavor Udon,Bowl,South Korea,2,
2461,Fujiwara,Hokkaido Hakodate Shio Ramen,Pack,Japan,4.5,
2460,Daifuku,Katsuo Bowl Udon,Bowl,USA,5,
2459,Nissin,Cup Noodles MUG Shoyu & Seafood,Pack,Japan,3.5,
2458,Samyang Foods,Sari Ramen,Pack,South Korea,NA,
2441,MyKuali,Penang Hokkien Prawn Flavor Noodle,Box,Japan,5,
2437,Nissin,Raoh Nojyuku Toro Tonkotsu Ramen,Bowl,Japan,4.5,
2433,Nissin,Cup Noodles Indonesia Mie Goreng,Cup,Japan,3.75,
2431,Dream Kitchen,Udon Japanese Style Fresh Noodle,Bowl,USA,3.75,
2429,New Touch,T's Restaurant Sura Tanmen,Cup,Japan,4,
2427,Ajinatori,HALAL Chicken Shoyu Sauce Ramen,Pack,Japan,2.5,
2426,Dr. McDougall's,Vegan Pad Thai Noodle Soup,Cup,USA,0,
2424,Samyang Foods,Cheese Type Buldak Bokkeummyun (Black Pkg),Pack,South Korea,3.75,
2419,MyKuali,Penang Red Tom Yum Goong,Box,Japan,5,
2418,Myojo,Yomise No Yakisoba Karashi Mentaiko Flavor,Tray,Japan,4.5,
2415,Nissin,Kitsune Udon Donbei (West),Bowl,Japan,5,
2412,Shirakiku,Sanukiya Udon Shrimp Flavor,Pack,USA,3.25,
2411,Mama Pat's,Chicken Fajita Flavor Instant Ramen Noodles,Pack,USA,3.75,
2410,Mama Pat's,Lamb Stew Flavor Instant Ramen Noodles,Pack,USA,3.75,
2409,Mama Pat's,Seafood Gumbo Flavor Instant Ramen Noodles,Pack,USA,3.5,
2408,Mama Pat's,Chicken Taco Flavor Instant Ramen Noodles,Pack,USA,3.75,
2403,Goku-Uma,Yakisoba Japanese Style Noodle,Bowl,USA,4.75,
2397,Samyang Foods,Cheese Buldak Bokkeummyun (Black),Bowl,South Korea,4,
2393,Ripe'n'Dry,Hokkaido Miso Ramen,Pack,Japan,3,
2391,Ottogi,Jin Jjambbong Spicy Seafood Ramyun,Pack,South Korea,5,
2389,Gefen,Imitation Chicken Flavor,Cup,USA,4,
2383,Nissin,Cup Noodles Beef Flavor Ramen Noodle Soup (New Recipe),Cup,USA,3.5,
2382,Nongshim,Seaweed Instant Noodle,Cup,South Korea,0.5,
2380,Pulmuone,Non-Fried Ramyun With Spicy Beef Broth,Pack,South Korea,3.75,
2379,Nissin,Cup Noodles Hot & Spicy Shrimp Flavor Ramen Noodle Soup (New Recipe),Cup,USA,2.5,
2371,Daikoku,Tanuki Soba,Cup,Japan,3.5,
2370,Samyang Foods,Zzaldduck Buldak Bokkeummyun Snack,Pack,South Korea,4.5,
2369,Samyang Foods,Curry Buldak Bokkeummyun,Pack,South Korea,4.25,
2368,Samyang Foods,Cool/Ice Buldak Bokkeummyun,Pack,South Korea,3.75,
2367,Samyang Foods,2x Spicy Haek Buldak Bokkeummyun,Pack,South Korea,4,
2366,Samyang Foods,Buldak Bokkeummyun Snack,Pack,South Korea,5,
2365,Samyang Foods,Stew Buldak Bokkeumtangmyun,Pack,South Korea,5,
2364,Samyang Foods,Cheese Buldak Bokkeummyun,Pack,South Korea,4,
2363,Samyang Foods,Buldak Bokkeummyun (New Packaging),Pack,South Korea,4,
2359,Daikoku,Kitsune Udon,Cup,Japan,2,
2356,Nongshim,Spicy Shrimp Cup Noodle,Cup,South Korea,4,
2355,Marutai,Nagasaki Agodashi Shoyu Ramen,Pack,Japan,4,
2353,Nissin,"Cup Noodles Rich Garlic, Egg Yolk & Oxtail",Cup,Japan,4,
2348,Ripe'n'Dry,Hokkaido Salt Ramen,Pack,Japan,3,
2345,Sempio,Clam Flavor Soup Kal-guksu,Pack,South Korea,5,
2327,Nissin,Cup Noodles Spicy Lime Flavor Ramen Noodle Soup (New Recipe),Cup,USA,4,
2324,Paldo,Bul Jjajangmyeon,Pack,South Korea,5,
2323,Ogasawara,Kirin Giraffe Shio Ramen,Pack,Japan,5,
2322,Sapporo Ichiban,Mie Kamayama Ramen Gyukotsu Misoaji,Bowl,Japan,3,
2320,Nissin,Nupasta Bolognese Flavour Instant Noodle,Cup,Japan,4,
2319,Nongshim,Saeutang Sabalmyeon,Bowl,South Korea,3.5,
2316,Nissin,Cup Noodle Spicy Curry Chicken,Cup,Japan,5,
2315,Goku-Uma,Ramen Noodles Miso Flavor,Bowl,USA,3,
2305,Ajinatori,Chicken Flavor Ramen,Pack,Japan,4,
2302,Nissin,Yakisoba,Tray,Japan,5,
2298,Nissin,Cup Noodles Spicy Chile Chicken (New Recipe),Cup,USA,4,
2294,Sapporo Ichiban,Tabimen AizuKitakata Gyokai Shoyu Ramen,Bowl,Japan,4,
2291,Samyang Foods,Buldak Bokkummyun Cheese Flavor,Pack,South Korea,4,
2289,Myojo,Shin Toyama Black Ramen,Bowl,Japan,4,
2283,Nissin,Raoh Pork Bone Soy Soup Noodle,Pack,Japan,5,
2282,Samyang Foods,Gold Jjamppong Fried Noodle,Pack,South Korea,5,
2278,Nissin,Raoh Tantanmen,Pack,Japan,5,
2277,Goku-Uma,Ramen Noodles Soy Sauce Flavor,Bowl,USA,3,
2276,Nissin,Cup Noodles With Shrimp Ramen Noodle Soup (New Recipe),Cup,USA,3,
2270,Samyang Foods,Fresh Bibimmyun Fried Noodle,Pack,South Korea,4,
2267,Shirakiku,Karami Ramen Spicy Chili Flavour Japanese Style Noodle With Soup Base,Pack,USA,2,
2265,Nissin,Cup Noodles Rich Soft Shelled Turle Soup,Cup,Japan,3,
2262,Dream Kitchen,Curry Flavour Instant Noodles,Cup,USA,5,
2261,Tablemark,Tohokuno Aji Yonezawa Ramen,Bowl,Japan,4,
2259,Farmer's Heart,Pho Beef Flavor Vietnamese Rice Noodle Soup,Bowl,USA,3.75,
2256,Goku-Uma,Ramen Noodles Artificially Flavored Tonkotsu,Bowl,USA,3,
2255,Daikoku,Hiroshima Flavor Yakisoba,Tray,Japan,5,
2252,New Touch,Sugomen Sano Ramen,Bowl,Japan,5,
2248,Nongshim,Shin Noodle Soup,Cup,USA,5,
2247,Nissin,Sapporo Noukou Miso Ramen,Bowl,Japan,5,
2246,Dream Kitchen,Soy Sauce,Cup,USA,4,
2240,Wang,Rice Noodle Anchovy Flavor,Bowl,South Korea,3,
2239,Nissin,Cup Noodles Chicken Flavor Ramen Noodle Soup (New Recipe),Cup,USA,4,
2237,Nissin,Cup Noodle Light+ Bagna Cauda,Cup,Japan,5,
2236,Maruchan,Gotsumori Koku Tonkotsu Ramen,Bowl,Japan,4,
2234,Paldo,Bibim Men,Bowl,South Korea,5,
2232,Nissin,Spicy Chikin Donburi,Bowl,Japan,5,
2230,Marutai,Kuroma-Yu Tonkotsu Kumamoto Ramen,Pack,Japan,4,
2228,Nissin,Raoh Shoyu Ramen,Bowl,Japan,5,
2227,Maruchan,Ramen Noodle Soup Sriracha Chicken Flavor,Pack,USA,4,
2226,Nagatanien,Hiyashi Soba Taidashi Goma,Pack,Japan,3,
2221,Nissin,Cup Noodle Seafood,Cup,Japan,5,
2220,Paldo,Budae Jjigae,Pack,South Korea,5,
2214,Sapporo Ichiban,Tabimen Nagasaki Chanpon,Bowl,Japan,4,
2212,Paldo,Bul Jjamppong,Pack,South Korea,4,
2208,Roland,Ramen Japanese Style Quick-Cooking Alimentary Paste With Chicken Artificially Flavored Soup Base,Pack,USA,0,
2206,Nissin,Deka Buto Kuro M-yu Tonkotsu,Bowl,Japan,5,
2205,Maruchan,Bowl Taste Of Asia Hearty Pork Flavor Tonkotsu Ramen,Bowl,USA,4,
2203,Nongshim,Bowl Noodle Soup Independence Day Limited Edition Spicy Chicken Flavor,Bowl,USA,4,
2195,Nissin,Gyorai Inaniwa Chuka Soba,Bowl,Japan,5,
2190,Myojo,Barikata Noukou Tonkotsu Shoyu,Bowl,Japan,4.75,
2187,Pulmuone,Non-Fried Ramyun Noodle (Crab Flavor),Pack,South Korea,5,
2185,Nissin,Raoh Hot & Sour Ramen,Pack,Japan,5,
2170,Maruchan,Ramen Noodle soup Mushroom Flavor,Pack,USA,4,
2163,Nissin,Piritto Karakuchi Tantan Udon,Bowl,Japan,4,
2161,Nongshim,Chal Bibim Myun,Pack,South Korea,5,
2160,Menraku,Japanese Yakisoba Umami Sauce,Bowl,Japan,5,
2147,Maruchan,Instant Lunch Pork Flavor Ramen Noodles With Vegetables,Cup,USA,3,
2146,Sapporo Ichiban,Kun Ramen Sumo-kuchikin (Smoked Chicken),Bowl,Japan,3,
2145,Dream Kitchen,Tonkotsu,Cup,USA,3,
2142,Maruchan,Bowl Taste Of Asia Miso Chicken Flavor Spicy Miso Ramen,Bowl,USA,4,
2141,Nissin,Men Shokunin Kaoruyasai Shio,Bowl,Japan,5,
2140,Wang,Rice Noodle Seafood Flavour,Bowl,South Korea,5,
2133,Nissin,Kimchi Chikin Ramen Donburi,Bowl,Japan,5,
2132,Maruchan,Instant Lunch Chipotle Chicken Flavor Ramen Noodle Soup,Cup,USA,5,
2128,Sapporo Ichiban,Taimeiken Yousyoku Yasangatsukutta Omumen,Cup,Japan,4,
2126,Nissin,Mennippon Oumi Chanpon,Bowl,Japan,5,
2106,Itomen,Onion Flavor Shoyu Ramen,Pack,Japan,3.5,
2105,Maruchan,Ramen Noodle Soup Chicken Tortilla Flavor,Pack,USA,3,
2104,Wang,Rice Noodle Kimchi Flavor,Bowl,South Korea,4,
2103,Roland,Ramen Japanese Style Quick-Cooking Alimentary Paste With Beef Artificially Flavored Soup Base,Pack,USA,0,
2102,Nissin,Cup Noodles Singapore Laksa,Cup,Japan,5,
2101,Samyang Foods,Pojangmacha Udon,Pack,South Korea,4,
2099,Sanpo,Yakibuta Ramen,Bowl,Japan,4,
2098,Nongshim,Kimchi Flavor Noodle Soup,Cup,USA,5,
2096,Maruchan,Seimen Noukou Toro Tonkotsu,Bowl,Japan,4,
2094,Nongshim,Champong Noodle Soup Spicy Seafood Flavor,Pack,South Korea,5,
2072,Maruchan,Bowl Taste Of Asia Beef Flavor Sukiyaki Ramen,Bowl,USA,5,
2070,Tokushima Seifun,Negi Ramen,Bowl,Japan,1.75,
2067,Samyang Foods,Fresh Jjajang,Pack,South Korea,4.5,
2066,Marutai,Hakata Tonkotsu Ramen,Pack,Japan,5,
2064,Nongshim,Arrabiata Rice Bucatini,Pack,USA,5,
2060,Nissin,Cup Noodle Light+ Cheese Fondue,Cup,Japan,5,
2056,Koyo,Garlic Pepper Reduced Sodium Ramen,Pack,USA,0,
2055,Nissin,Tokyo Tokunou Gyokai Tonkotsu,Bowl,Japan,5,
2053,Maruchan,Instant Lunch Sriracha Chicken Flavor Ramen Noodle Soup,Cup,USA,3.75,
2048,Acecook,Kadomen Koikoku Tonkotsu,Bowl,Japan,3.8,
2039,Tokushima Seifun,Yakibuta Ramen,Bowl,Japan,5,
2037,Migawon,Hovenia Ramen Vegetable Flavor,Pack,South Korea,3.5,
2035,Acecook,Maru Uma Curry Udon,Cup,Japan,3.5,
2030,Myojo,Charumera Atyificial Tonkotsu Shouyu Flavor,Pack,Japan,3.75,
2027,Nissin,Shinshu Miso Ramen,Bowl,Japan,5,
2019,Acecook,Seabura Tonkotsu Ramen,Cup,Japan,3.75,
2018,Pulmuone,Noodle With Spicy Oyster Soup,Pack,South Korea,4,
2017,Samyang Foods,Honey & Cheese Big Bowl,Bowl,South Korea,0,
2004,Nissin,Donbei Dashi Shoyu Yakiudon,Bowl,Japan,3.75,
2003,Nissin,Raoh Rich Miso Flavor,Bowl,Japan,5,
2002,Nissin,Cup Noodles Tom Yum Goong,Cup,Japan,3.8,
2001,Nissin,Cup Noodle Big Seafood Clam Chowder,Cup,Japan,4,
2000,Nissin,Chikin Ramen Donburi,Bowl,Japan,5,
1999,Nissin,Curry Udon,Cup,Japan,5,
1998,Nissin,Men Shokunin Shoyu,Bowl,Japan,5,
1997,Nissin,Cup Noodle Vegeta Buta-kyabetsu Tonkotsu,Cup,Japan,4.3,
1996,Nissin,Cup Noodle Pasta Style Tarako Spaghetti,Cup,Japan,4,
1995,Nissin,Cup Noodle Big Cheese Mexican Chilli,Cup,Japan,5,
1994,Nissin,Gyoretsu-no-Dekiru-Mise-no-Ramen (Shrimp Tantanmen),Bowl,Japan,5,
1993,Nissin,Raoh Tonkotsu,Pack,Japan,5,
1992,Nissin,Cup Noodle Light Plus Ratatouille,Cup,Japan,4.5,
1991,Nissin,Cup Noodle Milk Chikin Ramen,Cup,Japan,5,
1990,Nissin,Cup Noodle,Cup,Japan,5,
1987,Nissin,Yokohama Walker Iekei Ramen,Bowl,Japan,4.5,
1983,Tokushima Seifun,Tokushima Ramen,Pack,Japan,4,
1979,Nissin,BIG Cup Noodle Ajillo,Cup,Japan,3,
1976,Itsuki,Kumamoto Spicy Ramen,Pack,Japan,4.25,
1974,Samyang Foods,Cheese Curry Ramyun,Pack,South Korea,5,
1971,Fujiwara,Horse Crab Flavour Ramen,Pack,Japan,3.5,
1969,Nongshim,Noodle Soup Seasoned With Real Kimchi,Pack,USA,4.75,
1968,Nissin,Top Ramen Chicken Flavor Ramen Noodle Soup (New Packaging),Pack,USA,3.5,
1967,Tokushima Seifun,Kinchan Ramen,Pack,Japan,4.5,
1959,Myojo,Charumera Shoyu Ramen,Pack,Japan,4,
1958,IbuRamen,Mi Goreng Bento Noodles In A Box Curry Masala Flavour,Tray,USA,4,
1956,Maruchan,Spicy Tomato Salsa Ramen,Cup,Japan,0,
1955,Nissin,Raoh Ramen Noodle Soup Umami Soy Sauce Flavor,Pack,USA,4.75,
1951,Nissin,Cup Noodles Ramen Noodle Soup Hearty Chicken Flavor [New Package],Cup,USA,4.25,
1950,Fujiwara,Red King Crab Flavour Ramen,Pack,Japan,4,
1946,Nissin,Raoh Shio Ramen,Pack,Japan,4.75,
1943,New Touch,Sugomen Niigata Seabura Shoyu Ramen,Bowl,Japan,5,
1940,Nissin,Cup Noodle Pasta Style Bolognese,Cup,Japan,5,
1938,Nissin,Donbei Kamodashi Soba,Bowl,Japan,5,
1936,Fortune,Rice Noodle Coconut Curry,Pack,USA,1,
1927,Marutai,Kogashi Megiiri Tonkotsu Kagoshima Ramen,Bowl,Japan,3.5,
1926,Nissin,Bowl Noodles Hot & Spicy Chicken Flavor Less Sodium Ramen Noodle Soup,Bowl,USA,4,
1921,Nissin,Cup Noodles Ramen Noodle Soup Chicken Flavor [New Package],Cup,USA,3.5,
1920,Itsuki,Ramen Tonkotudou Kumamoto Noodles,Pack,Japan,0.75,
1919,Maruchan,Shiroi Chikara Mochi Udon,Bowl,Japan,4.5,
1917,IbuRamen,Mi Goreng Bento Noodles In A Box Hot Sweet & Sour Flavor,Tray,USA,0.25,
1915,Itsuki,Yuzu Sesame Sauce Udon,Bowl,Japan,4.5,
1913,Thai Smile,Mushroom Rice Noodle Soup Bowl,Bowl,USA,0,
1911,Nissin,Emergency Chikin Ramen Cup Noodle,Cup,Japan,5,
1910,Nissin,Chow Mein Pad Thai,Tray,USA,3,
1908,Nissin,Kuroma-yu Tonkotsu Kumamoto Ramen,Bowl,Japan,4.75,
1903,Higashimaru,Tonkotsu Ramen,Pack,Japan,4.5,
1897,Nissin,Cup Noodle Massaman Curry,Cup,Japan,3.5,
1895,Maruchan,Seimen Houjyun Koku Shoyu,Bowl,Japan,5,
1893,Nissin,Cup Noodle Sio,Cup,Japan,5,
1892,Ottogi,Cheese Ramen,Pack,South Korea,4,
1891,Nissin,Cup Noodles Homestyle Chicken,Cup,USA,3.5,
1890,Kuriki,Beef Tongue Shio Mayo Ramen,Pack,Japan,4.5,
1875,Sapporo Ichiban,Tonkotsu Ramen Artificially Flavored Tonkotsu White Chicken Broth,Pack,USA,5,
1872,Itsuki,Hakata Ossyoi,Pack,Japan,5,
1868,Marutai,Kuroma-yu Tonkotsu Kumamoto Ramen,Bowl,Japan,4,
1864,Nissin,Raoh Ramen Noodle Soup Umami Tonkotsu Flavor,Pack,USA,5,
1860,Nissin,Cupo Noodle Pasta Style Vongole,Cup,Japan,2.75,
1858,Myojo,Wantan Men,Bowl,Japan,5,
1857,IbuRamen,Mi Goreng Bento Noodles In A Box Shallot Teriyaki Flavor,Tray,USA,3.25,
1855,Daraz,Negi Man Ramen,Pack,Japan,3,
1852,Myojo,Udon Japanese Style Precooked Noodles With Soup Hot & Spicy Flavor,Bowl,USA,3.25,
1851,Fujiwara,Snow Crab Flavour Shio Ramen,Pack,Japan,3.5,
1850,Nissin,Raoh Ramen Noodle Soup Umami Miso Flavor,Pack,USA,4.5,
1846,Nissin,Chow Mein Savory Sauce And Restayrant Quality Noodles Roast Chicken Flavor ,Tray,USA,4.5,
1844,Seven & I,Gold Sumire Ramen,Bowl,Japan,5,
1831,Kuriki,Plum Mayo Ramen,Pack,Japan,4,
1827,Nongshim,Zha Wang ((Jjawang) Noodles With Chajang Sauce,Pack,South Korea,5,
1824,Nongshim,Soon Veggie Noodle Soup,Cup,USA,5,
1821,Myojo,Udon Japanese Style Pre-Cooked Noodles With Soup Beef Flavor,Bowl,USA,3.25,
1818,Sugakiya Foods,Nara Tenri Shoyu Ramen,Bowl,Japan,4.5,
1815,Nakaya Shouten,Hingya no Shio Ramen,Pack,Japan,4,
1809,Marutai,Nagahama Hakata Tonkotsu Ramen,Bowl,Japan,4.75,
1802,Nissin,Cup Noodles Ramen Noodles Ramen Noodle Soup Beef Flavor (New Package) ,Cup,USA,3.5,
1800,Crystal Noodle,Soup All Natural Hot & Sour,Cup,USA,0.25,
1799,Thai Smile,Spring Onion Rice Noodle Soup Bowl,Bowl,USA,2.5,
1796,Fujiwara,Salty Taste Chanko Noodle,Pack,Japan,4.75,
1786,Nissin,Chow Mein Premium Savory Sauce And Restaurant Quality Noodles Sriracha Flavor,Tray,USA,4.25,
1784,Torishi,Hakata Tonkotsu Ramen,Pack,Japan,5,
1780,Pulmuone,Non-Fried Noodle Blackbean Sauce Noodle With Squid,Pack,South Korea,4.5,
1768,New Touch,Negi Miso No Ippin Ramen,Bowl,Japan,5,
1766,Paldo,Bulnak Boeummyun King Noodle,Bowl,South Korea,3.5,
1765,Nissin,Cup Noodles Ramen Noodles With Shrimp (New Package) ,Cup,USA,3.5,
1763,Ishimaru,Tuna Flavor Ramen,Pack,Japan,4.5,
1761,Authentically Asian,Natural Quality Foods Pad Thai Noodle Bowl,Bowl,USA,1,
1760,New Touch,Homestyle Tonjiru,Bowl,Japan,4.5,
1754,Paldo,King Bowl Super Spicy Pan Stirfried Noodle,Bowl,South Korea,5,
1753,Thai Smile,Garlic Rice Noodle Soup Bowl,Bowl,USA,3.5,
1752,Kuriki,Mayo Ramen,Pack,Japan,4.75,
1746,Marutai,Ramen Shoyu Taste,Bowl,Japan,4.25,
1741,Myojo,Udon Japanese Style Pre-Cooked Noodles With Soup Chicken Flavor,Bowl,USA,2.5,
1739,Nissin,Raoh Tanrei Koku Shio Ramen,Bowl,Japan,4.5,
1728,Yamadai,Tenobe Somen,Bowl,Japan,3.25,
1712,Sakurai Foods,Organic Miso Ramen,Pack,Japan,4.5,
1702,Samyang Foods,Seafood Noodle,Cup,Japan,2.75,
1701,Sakurai Foods,Organic Shoyu Ramen,Pack,Japan,4.25,
1698,Maruchan,Instant Lunch Chicken Tortilla Flavor Ramen Noodles With Vegetables,Cup,USA,4,
1678,Nongshim,Shin Black Spicy Po-Au-Feu Flavor (Mew Edition),Pack,USA,5,
1677,Paldo,Raobokki Noodle (Export Version),Pack,South Korea,5,
1674,Emart,Dare You! Habanero Ramen (New Edition),Cup,South Korea,3.5,
1658,ChoripDong,Hurricane Rice Cake (Topokki),Bowl,South Korea,5,
1650,Ottogi,Sesame Flavor Ramen Korean Style Instant Noodle,Pack,South Korea,4.25,
1643,Emart,Dare You! Habanero Jjajang Ramen,Cup,South Korea,3.5,
1641,One Dish Asia,Japanese Ramen Noodle,Bowl,USA,0,
1634,Samyang Foods,Shoyu Noodle,Cup,South Korea,3.5,
1631,Nissin,Donbei Tempura Soba Mini,Bowl,Japan,4,
1626,Nissin,Gonbuto Kistune Udon,Bowl,Japan,2.75,
1622,Nongshim,Quick2 Hot & Spicy Noodle Soup With Habanero & Lime,Pack,USA,4,
1621,Myojo,MenWhite Creamy Tonkotsu,Bowl,Japan,3,
1613,Maruchan,Kaoru Maitake Tempura Udon,Bowl,Japan,3.25,
1609,Mitoku,Brown Rice Ramen,Pack,Japan,0.25,
1607,Myojo,Nyumen Desse Shoyu,Bowl,Japan,2.75,
1604,Unzen,Mushroom Honpo Shiitake Nutritious Noodle,Pack,Japan,1,
1601,Nongshim,Jinjja Jinjja (New),Pack,South Korea,5,
1597,Nissin,Original Chow Mein Premium Spicy Chicken Flavor,Tray,USA,4,
1594,Acecook,Jan Jan Dashi Shoyu Yakisoba,Cup,Japan,2.25,
1593,Nongshim,Tteokgukmyun,Pack,South Korea,4.25,
1580,Emart,Dare You! Habanero Ramen (New Edition),Pack,South Korea,3.75,
1578,Nissin,Gonbuto Tempura Udon,Bowl,Japan,4,
1575,Paldo,Jjajangmen Chajang Noodle King Bowl,Bowl,South Korea,5,
1570,Maruchan,"Big Cup Ramen Corn, Salt & Butter Flavor",Bowl,Japan,5,
1567,Nissin,Emergency Cup Noodle,Cup,Japan,4.25,
1565,Oyatsu,Baby Star Snack Noodle Chicken Flavour,Pack,Japan,2.5,
1563,Nongshim,Shin Ramyun Noodle Soup (New Edition),Pack,USA,4.25,
1551,Myojo,Men Black Seafood Tonkotsu,Bowl,Japan,3.5,
1548,Samyang Foods,Curry Noodle,Cup,Japan,3.75,
1544,Thai Pavilion,Pad Thai Instant rice Noodles & Sauce,Tray,USA,1.5,
1539,New Touch,Kimchi Noodle,Bowl,Japan,3.5,
1523,Paldo,Jjamppong Seafood Noodle King Bowl,Bowl,South Korea,5,
1521,Maruchan,Gotsumori Sauce Yakisoba,Tray,Japan,5,2015 #9
1516,Men-Sunaoshi,Miso Ramen,Pack,Japan,3.75,
1515,Nongshim,Neoguri Udon Seafood & Mild,Pack,South Korea,4,
1509,Nissin,Donbei Kitsune Udon Mini,Bowl,Japan,3.5,
1503,Nongshim,Bowl Noodle Soup Shrimp Habanero Lime Flavor,Bowl,USA,3.25,
1501,Acecook,Ohmori Chukafu Yakisoba,Tray,Japan,3.25,
1498,Samyang Foods,Sogokimyun Hot Flavor Noodle Soup,Pack,South Korea,3.5,
1497,Nissin,Easy Fideos Picante Lime Shrimp Flavor Ramen Noodle Soup,Cup,USA,3.5,
1493,Maruchan,Magomi-an Kitsune Udon (Eastern Japan Flavor),Bowl,Japan,4.25,
1491,Ottogi,Potato Ramen,Pack,South Korea,3.75,
1485,Nongshim,Spicy Tonkotsu Noodle Soup,Pack,USA,5,
1482,Maruchan,I Want To Eat Ramen' Shoyu Flavor,Pack,Japan,4,
1480,Paldo,Jjol Bibim Men,Pack,South Korea,4,
1479,Nissin,Cup Noodles Easy Fideos Tomato Chicken Flavor Ramen Noodle Soup,Cup,USA,3.5,
1463,Maruchan,Instant Lunch California Vegetable Ramen Noodles With Vegetables,Cup,USA,3.5,
1446,Myojo,Ippei-Chan Jumbo Night Market Style Yakisoba,Tray,Japan,4.5,
1444,Maruchan,Instant Lunch Jalapeno Cheddar Flavor Ramen Noodles,Cup,USA,3.5,
1443,Nongshim,Harmony Korean Spicy Noodle Dish With Chipotle,Pack,USA,4.25,
1441,Nissin,Souper Meal Chili Picante Chicken With Lime Flavor Ramen Noodle Soup,Bowl,USA,3.5,
1438,Maruchan,Old Style Miso Ramen,Pack,Japan,3.5,
1430,Samyang Foods,Buldak Bokkummyeon,Bowl,South Korea,4,
1428,Myojo,Chukazanmai Beijing Style Salt Ramen,Pack,Japan,3,
1427,Osaka Ramen,Miso Ramen,Bowl,USA,3.75,
1426,Ottogi,Cheese Bokki,Bowl,South Korea,4,
1422,Nissin,Pan Asian Kitchen Spicy Szechuan Chicken Flavor Ramen Noodles,Tray,USA,3,
1420,Maruchan,I Want To Eat Ramen Shio,Pack,Japan,3.75,
1418,Ottogi,Ppushu Ppushu Grilled Chicken Flavor,Pack,South Korea,1,
1416,Myojo,Chukazanmai Szechuan Style Miso,Pack,Japan,2,
1414,Paldo,Cheese Ramyun (for US market),Pack,South Korea,5,
1407,Annie Chun's,Ramen House Thai Coconut Ramen,Pack,USA,5,
1401,Myojo,Yomise No Yakisoba Shiodare Flavor With Black Pepper Mayonnaise,Tray,Japan,3.75,
1400,Pulmuone,Nature Is Delicious Non-Fried Ramyun (Spicy Flavor) (New Version),Pack,South Korea,3.75,
1396,Oyatsu,Baby Star Snack Noodle Yakisoba Flavor,Pack,Japan,4.75,
1395,Snapdragon,Singapore Laksa Curry Soup Bowl,Bowl,USA,4.25,
1394,Paldo,Mild Kokomen (Prototype),Pack,South Korea,4.5,
1392,Miracle Noodle,Miso Marvellous Soup,Pack,USA,4,
1388,Paldo,Barbecue Ramyun (Prototype),Pack,South Korea,3.75,
1387,Takamori Kosan,Red Pepper 7 Garlic Peperoncino,Pack,Japan,4,
1386,Takamori Kosan,Sukiyaki Style Noodle Stew,Pack,Japan,4.5,
1385,Takamori Kosan,Yaki-Udon Roast Soy Sauce,Pack,Japan,3.75,
1384,Takamori Kosan,Hiyashi Udon Bonito Sauce,Pack,Japan,3,
1383,Takamori Kosan,Futomen Yakisoba,Pack,Japan,4.75,
1382,Takamori Kosan,Hiyashi Chuka Lemon Sauce,Pack,Japan,4.75,
1381,Takamori Kosan,Curry Udon,Pack,Japan,5,
1380,Takamori Kosan,Chanpon,Pack,Japan,3.75,
1379,Takamori Kosan,Shio Yakisoba,Pack,Japan,4,
1378,Takamori Kosan,Yakisoba,Pack,Japan,5,
1377,Takamori Kosan,Yaki-Udon Mild Spicy Sauce,Pack,Japan,4.25,
1376,Takamori Kosan,Katsuo Dashi Udon,Pack,Japan,3.75,
1375,Takamori Kosan,Spaghetti Napolitan,Pack,Japan,4,
1374,Tokyo Noodle,Spicy Garlic Ramen,Pack,Japan,3.25,
1372,Samyang Foods,Nagasaki Jjamppong,Cup,South Korea,3.75,
1366,Nongshim,Sir Long Tang Creamy Beef Noodle Soup,Cup,USA,4.25,
1347,Paldo,Bulnak Bokkummyun Spicy Fried Octopus Ramyun,Pack,South Korea,4,
1346,Oyatsu,Baby Star Ramen Round Consomme Mini,Pack,Japan,3.75,
1345,Lotus Foods,Forbidden Rice Ramen,Pack,USA,2.25,
1344,Lotus Foods,Millet & Brown Rice Ramen,Pack,USA,4,
1343,Lotus Foods,Jade Pearl Rice Ramen,Pack,USA,3.25,
1337,Sakura Noodle,Chikara Brand Udon Beef Flavor,Pack,USA,4.25,
1336,Shirakiku,Fresh Chow Mein Noodles With Seasoning,Pack,USA,3.75,
1335,Sakura Noodle,Chikara Brand Udon Hot & Spicy Flavor,Pack,USA,4,
1334,Sakura Noodle,Chikara Brand Udon Mushroom Flavor,Pack,USA,3.75,
1333,Sakura Noodle,Chikara Brand Udon Oriental Flavor,Pack,USA,3.75,
1332,Sakura Noodle,Chikara Brand Udon Chicken Flavor,Pack,USA,3.75,
1330,Sapporo Ichiban,Otafuku Okonomi Sauce Yakisoba,Tray,Japan,5,2014 #4
1322,Hi-Myon,Instant Noodle Udon Hot & Spicy,Pack,South Korea,4,
1321,Takamori Kosan,Fresh Chow Mein Noodles With Seasoning,Pack,Japan,3.75,
1318,Nissin,Spa Oh Tarako Spaghetti,Bowl,Japan,4,
1316,Ottogi,Japchae Vermicelli Noodle,Pack,South Korea,2.75,
1314,Paldo,Korean Traditional Beef Gomtangmen,Pack,South Korea,5,
1312,Maruchan,I Want To Eat Ramen Miso Flavor,Pack,Japan,3.75,
1310,Thai Kitchen,Rice Noodle Cart Thai Peanut,Tray,USA,3,
1308,Nongshim,Soon Veggie Noodle Soup,Pack,South Korea,5,2014 #9
1307,Nissin,Cup Noodle Cheese Curry,Cup,Japan,3.75,
1300,Samyang Foods,Red Nagasaki Jjampong,Pack,South Korea,5,
1298,Good Tto Leu Foods,Lightning Beef Bone Tteokguk Rice Cake Soup,Bowl,South Korea,4,
1290,Nongshim,Sain Sain Garlic Teriyaki Fresh Cooked Udon Pasta,Tray,South Korea,4.5,
1287,Kimura,Kumamoto Tonkotsu Ramen,Pack,Japan,5,
1284,Thai Kitchen,Rice Noodle Cart Sweet Citrus Ginger,Tray,USA,4.25,
1283,Nongshim,Oolongmen Kimchi Cup Noodle Soup Mix,Cup,South Korea,4,
1281,Tokachimen Koubou,Jet Black Sesame Oil Pork Tonkotsu,Bowl,Japan,2.25,
1278,Ottogi,Ppushu Ppushu Noodle Snack Bulgogi Flavor,Pack,South Korea,3.25,
1272,Samyang Foods,Baked Noodle Spicy Grilled Beef Ramyun,Pack,South Korea,3.5,
1263,Nissin,Cup Noodle Curry X Gunpla RX-78-2 Gundam,Cup,Japan,4.25,
1253,Nissin,Chow Mein Teriyaki Chicken Flavor Chow Mein Noodles,Tray,USA,3.75,
1250,Samyang Foods,ä¸‰é¤Šë¼ë©´ (Samyang Ramyun) (South Korean Version),Bowl,South Korea,3.75,
1247,Maruchan,I Want To Eat Ramen Pork Tonkotsu Flavor,Pack,Japan,4,
1246,Annie Chun's,Ramen House Chicken Vegetable Flavored Ramen,Pack,USA,4,
1242,Thai Pavilion,Garlic Chili Instant Rice Noodles & Sauce,Tray,USA,4,
1241,Nissin,Donbei Kansai Soy Sauce Flavor Udon,Pack,Japan,3.75,
1238,Sapporo Ichiban,Sesame Ramen,Pack,Japan,5,
1236,Emart,Dare You Habanero Ramyun,Cup,South Korea,3.25,
1229,Kumamoto,Tonkotsu Ramen MEGA Dragon,Pack,Japan,2.5,
1228,Maruchan,Seimen Japanese Instant Ramen Noodles Shio Aji,Pack,Japan,3.75,
1225,Nissin,Pan Asian Kitchen Sweet & Sour Chicken Flavor Ramen Noodles,Tray,USA,3.75,
1224,HoMyeonDang,Premium Noodle House Seafood Ramyun,Pack,South Korea,4,
1220,Nissin,Ultraman Instant Noodle Pork Flavour,Cup,Japan,3,
1219,Tokyo Noodle,Mini Instant Noodle Spicy Flavor,Pack,Japan,3.5,
1207,Nissin,UFO Yakisoba With Wasabi Mayonnaise,Bowl,Japan,5,
1202,Sugakiya Foods,Udon Miso Stew,Pack,Japan,3.25,
1200,Men-Sunaoshi,Tonkotsu Ramen,Pack,Japan,3.75,
1198,Samyang Foods,Maesaengyitangmyun Baked Noodle,Pack,South Korea,5,2014 #5
1197,Nissin,Cup Noodle Chilli Tomato,Cup,Japan,4.5,
1196,Nissin,Bowl Noodles Chicken Flavor,Bowl,USA,3.5,
1194,Paldo,Namja Ramyun (US Version),Bowl,South Korea,4,
1190,Sanrio,Hello Kitty Hakata Shoyutonkotsu Ramen,Bowl,Japan,3.75,
1189,Acecook,Comet Mori Yukino Tan-tan men,Bowl,Japan,5,
1187,Nongshim,Shin Ramyun Cup,Cup,South Korea,3.5,
1184,Sapporo Ichiban,Pokemon Shoyu Ramen,Cup,Japan,3.5,
1183,Paldo,Cheese Noodle,Pack,South Korea,5,2014 #6
1181,Samyang Foods,Star Popeye Ramyun Snack,Pack,South Korea,4,
1179,Myojo,Chukazanmai Guangdong Style Ramen,Pack,Japan,4.25,
1178,Nongshim,Shin Black Spicy Pot-au-feu Flavor Premium Noodle Soup,Cup,USA,5,
1176,Maruchan,Old Style Shio Ramen,Pack,Japan,3.5,
1174,Itomen,Crab Flavor Instant Ramen,Pack,Japan,4,
1172,Koyo,Seaweed Ramen Made With Organic Noodles,Pack,USA,2.75,
1170,Acecook,Jan Jan Yakisoba,Cup,Japan,3.75,
1168,Nissin,Donbei Curry Udon (West Japanese),Bowl,Japan,3.25,
1165,Nissin,Chow Mein With Shrimp Chow Mein Noodles,Tray,USA,3.75,
1162,Nissin,Chanpon Ramen,Pack,Japan,4.75,
1160,Samyang Foods,Chacharoni,Pack,South Korea,3.75,
1159,Peyang,Yakisoba,Tray,Japan,5,
1155,Komforte Chockolates,Savory Ramen ,Bar,USA,5,
1152,Sapporo Ichiban,Tomato & Basil Shio Ramen,Pack,Japan,4,
1138,Tablemark,Downtown Ramen Shop Shoyu,Pack,Japan,4.75,
1136,Nissin,Yakisoba,Pack,Japan,5,
1134,Hi-Myon,Katsuo Udon,Pack,South Korea,4,
1130,Nissin,Big Cup Noodles Habanero Lime Shrimp Flavor Ramen Noodle Soup,Cup,USA,3.5,
1129,Oyatsu,Baby Star Ramen Round Chikinmini,Pack,Japan,3.5,
1125,Myojo,Japanese Style Noodles Shio Flavor,Pack,USA,5,
1124,Samyang Foods,Ganjjampong,Bowl,South Korea,4.25,
1123,Maruchan,Fresh Yaki-Soba Stir Fry Noodles With Seasoning Sauce Base,Pack,Japan,4.25,
1122,Nagao Noodle,Ramen Kamen Thasos Galle Pork Bone,Pack,Japan,4.25,
1117,Thai Pavilion,spicy Pad Thai Instant Noodles & Sauce,Tray,USA,4.25,
1116,Tokyo Noodle,Mini Instant Noodles Artificial Chicken Flavor,Pack,Japan,5,
1115,Nissin,Pan Asian Kitchen Sukiyaki Beef Flavor Savory Soy Sauce Ramen Noodles,Tray,USA,3.75,
1113,Samyang Foods,Samyang Ramyun (SK Version),Cup,South Korea,3.5,
1110,GS25,Gonghwachun Jjajangmyun,Pack,South Korea,4.5,
1106,Nissin,Raoh Rich Soy Sauce With Roast Pork (2 Slices),Bowl,Japan,4.5,
1105,Nongshim,Doong Ji Authentic Korean Cold Noodles With Chili Sauce,Tray,South Korea,5,
1103,Myojo,Ippei-chan Yomise No Yakisoba Teriyaki Mayo Flavor,Tray,Japan,5,
1083,Nissin,GooTa Demi Hamburg-Men,Cup,Japan,4.75,
1071,Nissin,Raoh Soy Sauce Taste,Pack,Japan,4,
1070,HoMyeonDang,Premium Noodle House Pork & Seafood Flavor,Pack,South Korea,4,
1069,Nissin,Raoh Rich Miso Flavor,Bowl,Japan,5,
1067,Nissin,Cup Noodle Red Shock,Cup,Japan,3.75,
1066,Tasty Bite,1 Step-1 Minute Asian Noodles Pad Thai,Pack,USA,3.5,
1065,Tasty Bite,1 Step-1 Minute Asian Noodles Kung Pao,Pack,USA,4.25,
1064,Tasty Bite,1 Step-1 Minute Asian Noodles Mushroom Lo Mein,Pack,USA,4,
1063,Tasty Bite,1 Step-1 Minute Asian Noodles Thai Basil,Pack,USA,3.75,
1062,Tasty Bite,1 Step-1 Minute Asian Noodles Lemongrass Ginger,Pack,USA,3.75,
1061,Tasty Bite,1 Step-1 Minute Asian Noodles Toasted Sesame,Pack,USA,4,
1060,Star Anise Foods,Happy Pho Vietnamese Brown Rice Noodle Soup Garlic Goodness,Pack,USA,3.75,
1051,Maruchan,Seimen Japanese Instant Ramen Noodles Soy Sauce Taste,Pack,Japan,3.75,
1048,Ottogi,Cheese Bokki,Cup,South Korea,3.5,
1047,New Touch,Yakisoba Noodle,Tray,Japan,4,
1046,Myojo,Stir Fry Noodles Japanese Style Noodles With Sauce,Pack,USA,4,
1045,Nissin,Chow Mein Chicken,Tray,USA,3.5,
1039,Maruchan,Bowl Hot & Spicy Shrimp Flavor Ramen Noodles With Vegetables,Bowl,USA,4.25,
1038,Itomen,Chanponmen,Pack,Japan,4.25,
1037,Emart,Dare You Habanero Jjamppong,Pack,South Korea,4,
1033,Nissin,King Cup Noodle BBQ Chicken & Onion,Cup,Japan,3.75,
1031,HoMyeonDang,Premium Noodle House Don Ramyun,Pack,South Korea,4,
1030,Samyang Foods,60 Ingredients Assorted Vegetable SK Version,Pack,South Korea,3.75,
1029,Samyang Foods,Nagasaki Crab Jjampong,Pack,South Korea,5,
1028,Samyang Foods,Buldalk Bokkeummyeon (Hot Fried Chicken Ramyun),Pack,South Korea,4,
1027,Samyang Foods,Yukgaejang Beef Ramyun,Bowl,South Korea,4,
1026,Samyang Foods,Bajirak Kalgugsu,Pack,South Korea,3.75,
1025,Samyang Foods,Hot Chacharoni,Pack,South Korea,3.75,
1024,HoMyeonDang,Premium Noodle House Tofu Fried Noodle,Pack,South Korea,3.5,
1023,Samyang Foods,Samyang Ramyun,Pack,South Korea,4.5,
1022,HoMyeonDang,Premuim Noodle House Crab Jjampong,Pack,South Korea,5,
1021,Samyang Foods,Beef Flavor Ramyun (SK Version),Pack,South Korea,4.25,
1020,Samyang Foods,Nagasaki Jjampong,Bowl,South Korea,4.75,
1019,Samyang Foods,Kimchi Ramyun (SK Version),Pack,South Korea,4,
1018,Samyang Foods,Ganjjampong,Pack,South Korea,4.25,
1017,Samyang Foods,Sutah (SK Version),Pack,South Korea,3.75,
1016,Nissin,Big Cup Noodles Habanero Lime Chicken Flavor Ramen Noodle Soup,Cup,USA,3.5,
1015,Tradition,Oriental Style Ramen Noodle Soup,Pack,USA,2.75,
1014,Nissin,King Spa Oh Peperoncino Spaghetti (æ—¥æ¸…ç”Ÿã‚¿ã‚¤ãƒ—SpaçŽ‹ ãƒšãƒšãƒ­ãƒ³ãƒãƒ¼ãƒŽ),Bowl,Japan,4.25,
1011,Maruchan,Bowl Hot & Spicy Chicken Flavor Ramen Noodles With Vegetables,Bowl,USA,4,
1008,Ottogi,Sesame Flavor Noodle Bowl,Bowl,South Korea,3.5,
1003,Nissin,Chow Mein Spicy Teriyaki Beef,Tray,USA,4.5,
1001,Paldo,Ð”ÐžÐ¨Ð˜Ð ÐÐš (Dosirac) Beef Flavor,Pack,South Korea,3.5,
1000,Maruchan,Yakisoba Beef Taco Flavor,Tray,USA,4.25,
998,Nongshim,Shin Ramyun Black Spicy Beef,Cup,South Korea,4.5,
997,Sakurai Foods,Miso Stew Instant Udon (Winter),Pack,Japan,4.25,
996,Maruchan,Bowl Chicken Flavor,Bowl,USA,4,
990,Nissin,Pan Asian Kitchen Spicy Pad Thai,Tray,USA,2.75,
989,GS25,Gonghwachun Jjamppong,Pack,South Korea,4,
986,Paldo,Jong-Gah-Jip Kimchi Ramen,Pack,South Korea,4,
984,Sun Noodle,Ramen Shoyu Flavor,Tray,USA,5,
983,Sun Noodle,Tantanmen Spicy Sesame (Mild),Tray,USA,3.75,
982,Sun Noodle,Ramen Miso Flavor,Tray,USA,5,
981,S&S,Saimin,Pack,USA,4,
980,Sun Noodle,Cold Ramen Soy Sauce Vinaigrette,Tray,USA,4,
979,Sun Noodle,Nama Soba Buckwheat Noodle,Tray,USA,4,
978,Sun Noodle,Ramen Pork Flavor,Tray,USA,5,
977,Sun Noodle,Yakisoba,Pack,USA,4.5,
976,Nissin,Donbei Tensoba,Bowl,Japan,4,
975,Ottogi,Spaghetti Ramen,Bowl,South Korea,4.5,
973,Annie Chun's,Ramen House Spicy Chicken Ramen,Pack,USA,4,
971,Annie Chun's,Soup Bowl Chinese Chicken,Bowl,USA,4.25,
970,Annie Chun's,Noodle Express Spicy Szechuan,Tray,USA,2,
969,Annie Chun's,Soup Bowl Vietnamese Pho,Bowl,USA,4,
968,Annie Chun's,Noodle Express Teriyaki,Tray,USA,3,
967,Annie Chun's,Soup Bowl South Korean Kimchi,Bowl,USA,4.5,
966,Annie Chun's,Ramen House Spring Vegetable Ramen,Pack,USA,4,
965,Annie Chun's,Noodle Express Chinese Chow Mein,Tray,USA,3.75,
964,Nissin,Raoh Backfat Rich Soy Sauce Flavor,Bowl,Japan,5,
962,Nongshim,Bowl Noodle Soup Spicy Seafood Flavor (New Version),Bowl,USA,4.25,
960,Nissin,Bowl Noodles Hot & Spicy Super Picante,Bowl,USA,3.25,
959,Sakurai Foods,ARCHE NaturkÃ¼che Ramen Mit Ingwer,Pack,Japan,3.25,
958,Sakurai Foods,Soy Sauce Ramen,Bowl,Japan,4.25,
957,Sakurai Foods,100% Vegetarian Soy Sauce Flavor,Pack,Japan,4.25,
956,Sakurai Foods,Sesame Noodles,Pack,Japan,5,
955,Sakurai Foods,Miso Ramen,Bowl,Japan,4,
954,Sakurai Foods,ARCHE NaturkÃ¼che Japanische Nudelsuppe,Pack,Japan,3.25,
953,Sakurai Foods,Soy Sauce Ramen,Pack,Japan,4.75,
950,Ottogi,Kiss Myon,Cup,South Korea,3.75,
947,Maruchan,Yakisoba Jalapeno Cheddar,Tray,USA,4,
946,Right Foods,Dr. McDougall's Vegan Chicken Ramen,Cup,USA,1.75,
938,Maruchan,Yakisoba Four Cheese,Tray,USA,3.75,
936,Yamachan,Mild Tonkotsu,Pack,USA,5,
935,Maruchan,Beef,Cup,USA,3.5,
934,Nongshim,Jinjja Jinjja Flamin' Hot & Nutty,Pack,USA,5,2013 #4
933,Paldo,Kokomen Spicy Chicken,Cup,South Korea,4.5,
932,Paldo,Namja Ramen (USA version),Pack,South Korea,5,
930,Maruchan,35% Less Sodium Beef,Cup,USA,3.5,
927,Paldo,Kokomen Spicy Chicken,Bowl,South Korea,4.75,
925,Emart,Dare You! Habanero Ramen,Pack,South Korea,3.75,
924,Maruchan,35% Less Sodium Chicken,Pack,USA,3.75,
921,Ottogi,Jjajang Bokki,Bowl,South Korea,3.5,
920,Shirakiku,Hot & Spicy Udon,Pack,USA,3,
919,Maruchan,35% Less Sodium Beef,Pack,USA,3.5,
918,Nongshim,Tempura Udon Flavor Cup Ramyun,Cup,South Korea,4.5,
916,Goku Uma,Seafood Flavor Japanese Noodles,Bowl,Japan,4.25,
914,Nissin,Ramen Shop Sapporo Miso,Pack,Japan,4,
913,Nongshim,Spicy Shrimp Cup Ramyun,Cup,South Korea,4.25,
912,Maruchan,Instant Lunch Shrimp,Cup,USA,3.75,
911,Nissin,Top Ramen Cucharealo Habanero Shrimp,Pack,USA,3.75,
910,Paldo,Namja Ramyun,Bowl,South Korea,4.25,"_x000D_
"
908,Sapporo Ichiban,Original Flavor,Cup,USA,3.5,
907,Nongshim,Neoguri Spicy Seafood,Cup,South Korea,4,
905,Tradition,Vegetable Instant Noodle soup,Cup,USA,3.25,
904,Myojo,Ippei-chan Yomise-No Yakisoba Oriental,Tray,Japan,4.75,
903,Han's South Korea,Rice Noodle With Seafood Flavored Soup,Tray,South Korea,3.5,
900,Maruchan,Instant Lunch Chicken,Cup,USA,3.5,
894,Han's South Korea,Rice Noodle With Kimchi Flavored Soup,Tray,South Korea,3,
893,Paldo,Bowl Noodle Shrimp Flavor,Bowl,South Korea,3.25,
889,Yamachan,Rich Shoyu Ramen,Pack,USA,4,
888,Yamachan,Nagasaki Sara Udon Chicken ,Pack,USA,4.25,
887,Yamachan,Cold Noodles With Lemon SoyÂ Dressing,Pack,USA,4,
886,Yamachan,Tonkotsu-Shoyu Rich Pork FlavorÂ Ramen,Pack,USA,4.75,
885,Yamachan,Miso Ramen Rich Sapporo Miso,Pack,USA,5,
884,Yamachan,Miso Ramen - Mild,Pack,USA,4,
883,Yamachan,Shio Ramen Seafood Mild,Pack,USA,4.5,
881,Han's South Korea,Rice Noodle With Hot & Spicy,Tray,South Korea,3.25,
879,Song Hak,Rice Topokki,Bowl,South Korea,5,
878,Nissin,Top Ramen Short Cuts Lime Chili,Pack,USA,3.75,
877,Nongshim,Shin Bowl (New),Bowl,USA,4.25,
874,Fuji Mengyo,Nabeyaki Udon,Bowl,Japan,3.5,
872,Nongshim,Chapagetti,Bowl,USA,5,
868,CJ CheilJedang,Katsuobushi Udon,Bowl,South Korea,3.75,
862,Nissin,Top Ramen Short Cuts Roast Chicken,Pack,USA,4.25,
859,Tradition,Imitation Chicken Vegetarian,Cup,USA,3.75,
857,Sempio,Seafood Vermicelli Anchovy,Bowl,South Korea,4.25,
853,Dongwon,RaUdong Unfried Noodle With Kimchi,Bowl,South Korea,4.5,
850,Nissin,Top Ramen Short Cuts Chicken,Pack,USA,4,
849,Nissin,Top Ramen Cucharealo Tomato Chicken,Pack,USA,3.5,
847,Itomen,Sansai Soba Edible Wld Plant,Bowl,Japan,3.25,
845,Nongshim,Doong Ji Cold Noodle Chilled Broth,Pack,South Korea,4.25,
843,Nissin,Top Ramen Short Cuts Beef,Pack,USA,3.5,
841,Nongshim,Chapagetti (South Korean),Pack,South Korea,4,
839,CJ CheilJedang,Mild Bean Curd Stew,Cup,South Korea,2,
837,Nissin,Top Ramen Cucharealo Picante Chicken,Pack,USA,4.5,
830,Seven-Eleven,Seven & I Shoyu,Cup,Japan,4.5,
829,Paldo,Kko Kko Myun King Cup,Bowl,South Korea,4.75,
828,Paldo,Seolleongtangmyeon,Pack,South Korea,3.5,
827,Paldo,Rabokki,Pack,South Korea,4.75,
826,Paldo,Namja,Pack,South Korea,5,
825,Paldo,Shoyu,Cup,Japan,3.25,
824,Paldo,Bibim Men Cucumber,Pack,South Korea,5,
823,Paldo,Kokomen Spicy Chicken,Pack,South Korea,5,2013 #9
822,Paldo,Speed King Bowl (Prototype),Bowl,South Korea,3.5,
819,Maruchan,Tempura Soba,Pack,Japan,4,
809,Nongshim,Neoguri Mild (South Korea),Pack,South Korea,4,
806,Ohsung,Hot Spicy Bowl With Soy Peptide,Bowl,South Korea,3.5,
805,Acecook,Super Big Ramen Soy Sauce,Bowl,Japan,1.25,
799,Nongshim,Bowl Noodle Savory Chicken (New),Bowl,USA,4.25,
792,Nongshim,Bowl Noodle Spicy Chicken (New),Bowl,USA,4.5,
791,Acecook,Super Big Ramen Tonkotsu,Bowl,Japan,1,
787,Emart,Ramen E Ramen White Broth,Pack,South Korea,5,
783,Nissin,Cup Noodles Salsa Picante Chicken,Cup,USA,3,
782,Nongshim,Bowl Noodle Savory Shrimp (New),Bowl,USA,3.25,
780,Ottogi,Jin Ramen (Mild) (Import),Pack,South Korea,3.5,
772,Nongshim,Bowl Noodle Hot & Spicy Beef (New),Pack,USA,3.5,
769,Nissin,Cup Noodles Shrimp Picante Style,Cup,USA,3.25,
764,Sempio,Seafood Noodle Cup,Bowl,South Korea,3.5,
761,Thai Kitchen,Garlic Vegetable Rice Noodle,Pack,USA,3.5,
760,Nissin,Big Cup Noodles Roast Chicken,Cup,USA,3.25,
759,Nongshim,Bowl Noodle Savory Lobster (New),Bowl,USA,3.75,
756,Daikoku,Bikkuchigekara Big Chige,Bowl,Japan,3.75,
755,Nongshim,Udon ,Bowl,South Korea,4.25,
754,Nongshim,Ansungtangmyun (US Version),Pack,USA,3.75,
753,Nongshim,Soba,Pack,South Korea,4.25,
752,Nongshim,Bowl Noodle Savory Tempura Udon,Bowl,USA,3.5,
751,Nongshim,Shin Ramyun Black Onion,Cup,South Korea,5,
750,Nongshim,Bowl Noodle Spicy Kimchi (New),Bowl,USA,3.75,
749,Sapporo Ichiban,Chow Mein (New),Pack,USA,5,
748,Hosoonyi,Naengmyeon Combo,Bowl,USA,3.75,
747,Nissin,Spoon-it Chicken,Pack,USA,3.5,
745,Nongshim,Jinjja Jinjja,Pack,South Korea,5,
738,Nissin,U.F.O. Yakiosoba,Bowl,Japan,3.75,
736,Maruchan,Yakisoba Spicy Vegetable,Tray,USA,3.25,
735,Ottogi,Odongtong Myon Seafood,Bowl,South Korea,2.75,
722,Yamamoto,Seafood Ramen,Bowl,Japan,3.5,
721,Nongshim,Bowl Noodle Savory Beef,Bowl,USA,4,
719,Nissin,Spoon-it Beef,Pack,USA,3.25,
718,Ottogi,Kiss Myon,Pack,South Korea,3.75,
717,Nissin,Ramen Bowl Spicy Chicken,Bowl,USA,3.25,
714,Pulmuone,Nature Is Delicious Spicy,Pack,South Korea,3.75,
713,Nissin,Spoon-it Creamy Chicken,Pack,USA,4,
711,Nongshim,Hearty Rice Noodle Beef,Pack,South Korea,4.25,
709,Nissin,Chow Mein Spicy Chicken,Tray,USA,3.25,
704,Nissin,Chow Mein Chinese Chicken Vegetable,Tray,USA,4,
703,Nissin,Spoon-it Rich Hearty Beef Stew,Pack,USA,3.5,
702,Nissin,Demae Ramen Black Garlic Oil Tonkotsu,Pack,Japan,4.5,
701,Nissin,Big Cup Noodles Lime Chili Shrimp,Cup,USA,4,
700,Nissin,Chikin Ramen (Local),Pack,Japan,5,
699,Nissin,Cup Noodles Salsa Picante Shrimp,Cup,USA,3.5,
698,Nissin,Chow Mein Orange Chicken,Tray,USA,4,
697,Nissin,Spoon-it Rich Hearty Savory Chicken,Pack,USA,3.25,
696,Nissin,Big Cup Noodles Spicy Chicken,Cup,USA,3.5,
695,JFC,Japanese Style Noodle Curry,Bowl,Japan,4.5,
692,Samyang,Assorted Vegetable Ramen,Pack,South Korea,3.75,
690,Maruchan,Yakisoba Savory Soy Sauce,Tray,USA,3.75,
688,Ohsung,Hong Ramyun Soy Peptide Hot Spicy,Pack,South Korea,3.75,
683,Nongshim,Udon Garlic Teriyaki,Pack,South Korea,4.75,
681,Nongshim,Hearty Rice Noodle Black Bean Vegetable,Pack,South Korea,3.75,
678,Wang,Kitsune Udon,Bowl,South Korea,4,
675,Samyang,Nagasaki Jjampong,Pack,South Korea,4.75,
674,Paldo,Kko Kko Myun,Pack,South Korea,5,
673,Ohsung,Hong Ramyun Soup Soy Peptide Mild,Pack,South Korea,3.25,
669,Nissin,Gozen Tempura,Bowl,Japan,4,
667,Nissin,Ramen Bowl Kimchi,Bowl,USA,3,
664,Thai Kitchen,Bangkok Curry Rice Noodle,Pack,USA,2.75,
663,Paldo,Jjajangmen Black Bean,Pack,South Korea,4,
662,Daikoku,Shokuh Kitsune Udon,Bowl,Japan,4.25,
661,Yamamoto,Ponpoko Tempura Soba,Bowl,Japan,4.25,
659,Nissin,Ramen Bowl Spicy Shrimp,Bowl,USA,3,
658,Paldo,Hwa King Cup,Cup,South Korea,3.5,
656,Nissin,Ramen Bowl Hot & Spicy,Bowl,USA,3.75,
652,Sapporo Ichiban,Shio,Pack,Japan,5,
648,Nongshim,Seafood Ramyun,Pack,South Korea,3.75,
646,Yamamoto,Shoyu,Bowl,Japan,4.25,
645,Nongshim,Oolongmen Artificial Chicken,Cup,South Korea,3.75,
644,Sura,Knife Cut Rice Noodle,Bowl,South Korea,3.75,
639,Nissin,Gozen Kitsune Udon,Bowl,Japan,5,
636,Yamamori,Tom Yam Ramen Pork,Pack,Japan,4.75,
635,Ottogi,Buckwheat Bibim Ramyon,Pack,South Korea,1.1,
633,Mr. Udon,Seafood Selection,Pack,South Korea,3.5,
632,Mr. Udon,Japanese Miso,Pack,South Korea,2.75,
626,Ottogi,Yeul Hot Taste,Bowl,South Korea,3.5,
622,Daikoku,My Friend Vic Tanuki Udon,Bowl,Japan,4.75,
621,Ottogi,Jin Ramen Big Bowl (Hot),Bowl,South Korea,3.5,
619,Yamamoto,Ponpoko Tempura Udon,Bowl,Japan,4.75,
618,Pulmuone,Cold Noodles By Dad,Pack,South Korea,2.75,
617,Nissin,Demae Iccho Sesame Oil Chicken Macaroni,Pack,Japan,3.75,
615,Yamamori,Tom Yam Prawn,Pack,Japan,4.5,
612,Maruchan,Yakisoba Spicy Chicken,Tray,USA,1.75,
606,Six Fortune,U-Dong,Pack,South Korea,4,
602,Nongshim,Oolongmen Artificial Seafood,Cup,South Korea,3.5,
600,Maruchan,Ramen Noodle Soup Beef,Pack,USA,3.25,
596,Thai Kitchen,Lemongrass Chili Rice Noodle,Pack,USA,1.5,
595,Thai Kitchen,Spring Onion Rice Noodle,Pack,USA,3.75,
594,Haioreum,Asian Style Noodles Seafood,Bowl,South Korea,3.5,
593,Nongshim,Chapagetti Chajang,Pack,South Korea,4,
582,Koyo,Tofu & Miso,Pack,USA,2.5,
581,Koyo,Mushroom,Pack,USA,2.75,
578,Nongshim,Shin Ramyun Black,Pack,South Korea,4.75,2012 #7
576,Menraku,Tempura Soba,Bowl,Japan,3.75,
572,Maruchan,Yakisoba Tomato Basil,Tray,USA,3,
571,Shirakiku,Japanese Style Tokusen Sio,Pack,Japan,3.25,
570,O Sung,Keopnurungji Rice Snack,Cup,South Korea,2.5,
568,Paldo,Gomtang,Cup,South Korea,4,
567,Goku Uma,Soy Sauce,Bowl,Japan,3.5,
566,Foodmon,DJ DOC Jjolmyeon,Bowl,South Korea,5,
561,Sahmyook,Vegetable,Pack,South Korea,3.25,
560,Myojo,Ippeichan Soy Sauce,Bowl,Japan,4,
553,Samyang,60 Ingredients,Cup,South Korea,2.75,
550,Nissin,Taisho Fried Noodle Yakisoba,Pack,Japan,4.25,
543,Menraku,Curry Udon,Bowl,Japan,4.75,
540,Nissin,Top Ramen Chicken,Pack,USA,3.25,
539,Nissin,Demae Ramen Chicken,Pack,Japan,3,
536,Ottogi,Yeul Ramyun,Pack,South Korea,4.25,
533,Paldo,Gomtang,Pack,South Korea,4.75,
529,Sapporo Ichiban,Hot Spicy Chicken,Pack,USA,2,
526,Annie Chun's,Soy Ginger Ramen,Pack,USA,1.5,
522,Samyang,Hot Beef,Pack,South Korea,4.25,
521,Menraku,Soy Sauce,Bowl,Japan,4.25,
517,Thai Kitchen,Thai Ginger Rice Noodle,Pack,USA,4.25,
516,Wang,Champong Spicy Seafood,Bowl,South Korea,3.5,
515,Tradition,Imitation Beef,Cup,USA,2.5,
514,Shirakiku,Sanukiya Fresh Spicy Ramen,Bowl,Japan,3,
512,Paldo,Big Bowl Noodle,Bowl,South Korea,3.75,
511,Menraku,Miso,Bowl,Japan,2.75,
508,Samyang,Beef,Cup,South Korea,3.75,
506,Nongshim,Oolongmen Beef,Cup,South Korea,2.5,
501,Nongshim,Neoguri Mild,Pack,South Korea,3.25,
500,Mexi-Ramen,Soupless Ramen Shallot Teriyaki,Pack,USA,2.5,
497,Nissin,Demae Iccho Seafood & Abalone Macaroni,Pack,Japan,4,
496,Maruchan,Yakisoba Shrimp,Tray,USA,2.75,
495,Ottogi,Jin Ramen (Mild),Pack,South Korea,3.25,
493,Pulmuone,Fresh Ramen Spicy,Pack,South Korea,3,
490,Foodmon,DJ DOC Instant rice Ramen Topokki,Bowl,South Korea,5,
485,Ottogi,Hot & Spicy Ramen,Cup,South Korea,3,
484,Ottogi,Bekse Curry Myon,Cup,South Korea,4.25,
483,Itomen,Yellow Buckwheat,Bowl,Japan,4.5,
482,Menraku,Shio,Bowl,Japan,4.5,
481,Thai Kitchen,Roasted Garlic Rice Noodle,Bowl,USA,3.75,
480,Thai Kitchen,Mushroom Rice Noodle,Bowl,USA,3.25,
479,Nongshim,Potato Noodle Soup,Pack,South Korea,3.75,
477,Mr. Udon,Malaysian Beef Udon,Pack,South Korea,3,
476,Annie Chun's,Teriyaki Noodle,Bowl,USA,1.75,
475,Gefen,Vegetable,Pack,USA,3.25,
473,Myojo,Ramen-Desse Miso Soybean Paste,Bowl,Japan,4.5,
472,Thai Kitchen,Spring Onion Rice Noodle,Bowl,USA,3.75,
471,Koyo,Lemongrass ginger,Pack,USA,1.5,
470,Maruchan,Ramen Noodle Soup Chicken Mushroom,Pack,USA,3.25,
469,Gefen,Chicken,Pack,USA,3.5,
468,Paldo,Snack Noodle slightly Hot,Pack,South Korea,3.75,
465,Nissin,Souper Meal Picante Shrimp Hot Spicy,Bowl,USA,2.75,
463,Ottogi,Ppushu Ppushu Barbecue,Pack,South Korea,3,
462,Nissin,Top Ramen Shrimp,Pack,USA,3.5,
461,Samyang,Sutah Hot Spicy Beef,Pack,South Korea,3.5,
460,Menraku,Tempura Udon,Bowl,Japan,5,
459,Gefen,Imitation Chicken Vegetarian,Pack,USA,3,
454,Koyo,Asian Vegetable,Pack,USA,1.5,
453,Nongshim,Bowl Noodle Savory Chicken,Bowl,USA,3.25,
452,Myojo,Hyoubanya No Chukasoba Soy Sauce,Pack,Japan,4,
451,Myojo,Ippeichan Soybean Paste,Bowl,Japan,4,
450,Ottogi,Ppushu Ppushu Tteobokki,Pack,South Korea,3.25,
444,Mr. Udon,Chicken,Pack,South Korea,3.25,
442,Nongshim,Kalguksoo,Pack,South Korea,4.5,
441,Ottogi,Spice Seafood,Pack,South Korea,3.75,
440,Maruchan,Instant Lunch Hot spicy Beef,Cup,USA,2.75,
438,Samyang,Beef,Bowl,South Korea,3.75,
437,Nongshim,Big Bowl Spicy Kimchi,Bowl,South Korea,3.25,
425,Chikara,Shrimp Udon,Pack,USA,4.5,
423,Noodle Time,Shin Cup,Cup,South Korea,3,
421,Myojo,Kakesoba Desse Soy Sauce,Bowl,Japan,2.75,
420,Sapporo Ichiban,Beef Flavorc,Cup,USA,3.5,
419,Myojo,Ramen Desse Shio,Bowl,Japan,4.25,
416,Sapporo Ichiban,Chicken Flavor,Cup,USA,3.75,
412,Maruchan,Midori No Tanuki,Bowl,Japan,4.125,
407,Ottogi,Snack Ramyon,Cup,South Korea,3.5,
403,Maruchan,Instant Lunch Lime Flavor with Shrimp,Cup,USA,2.25,
401,Myojo,Suudon Desse Soy Sauce,Bowl,Japan,4.25,
399,Paldo,Spicy Seafood,Cup,South Korea,3.75,
398,Paldo,Bowl Noodle Beef With Vegetables,Bowl,South Korea,3.75,
395,Ottogi,Jin Ramen (Mild),Cup,South Korea,3,
394,Paldo,Hwa Cup Hot Spicy,Cup,South Korea,3.5,
392,Nissin,Yakisoba Noodles Karashi,Tray,Japan,5,2012 #3
391,Myojo,Hyoubanya No Chukasoba Oriental,Pack,Japan,4.25,2012 #6
390,Menraku,Curry Soba,Bowl,Japan,4,
388,Maruchan,Instant Lunch Cheddar Cheese,Cup,USA,2.75,
387,Nissin,Bowl Noodles Rich & Savory Beef,Bowl,USA,3.75,
386,US Canning,Fu Chang Chinese Noodle Company Pork Seafood,Tray,USA,0,
384,Nissin,Demae Iccho Tom Yam Goong Macaroni,Pack,Japan,4,
380,Rhee Bros Assi,Pho Vietnamese Noodle Soup,Tray,South Korea,3.75,
379,Nissin,Chow Mein Thai Peanut,Tray,USA,2.5,
373,Nissin,Cup Noodles Chicken Vegetable,Cup,USA,2.75,
371,Nissin,Chow Noodles Alfredo,Tray,USA,3.75,
369,Bon Go Jang,Tofu Udon Dosirak,Tray,South Korea,3.75,
363,Nissin,Demae Iccho Tonkotsu Macaroni,Pack,Japan,3.5,
361,Tayho,Vermicelli With Pork,Bowl,USA,1.25,
360,Nissin,Cup Noodles Hearty Chicken,Cup,USA,2.5,
359,Nissin,Bowl Noodles Hot & Spicy Beef,Bowl,USA,3.75,
356,Maruchan,Ramen Noodle Soup Roast Beef,Pack,USA,2.75,
355,Nongshim,Noodle Lite 275 Udon Mushroom,Bowl,South Korea,2.5,
354,Maruchan,Instant Lunch Chicken 35% Less Sodium,Cup,USA,3,
353,Nissin,Top Ramen Chili,Pack,USA,3.25,
352,Maruchan,Ramen Noodle Soup Chili,Pack,USA,2.75,
351,Nissin,Top Ramen Picante Beef,Pack,USA,3,
350,Nissin,Souper Meal Tomato Garlic Shrimp,Bowl,USA,3.5,
349,Ottogi,Ramen Bokki,Bowl,South Korea,3.25,
348,Paldo,Bowl Noodle Kimchi,Bowl,South Korea,3.5,
346,Paldo,Bowl Noodle Spicy Artificial Chicken,Bowl,South Korea,3.125,
345,Myojo,Charumera Shoyu,Pack,Japan,3.5,
344,Paldo,Stirfried Kimchi,Pack,South Korea,3.75,
342,Nongshim,Shin Big Bowl,Bowl,South Korea,3.5,
340,Shirakiku,Japanese Style Tokusen Shoyu,Pack,Japan,4,
338,Nissin,Big Cup Noodles Chicken,Cup,USA,2.25,
337,Maruchan,Ramen Noodle Soup Creamy Chicken,Pack,USA,5,
336,Six Fortune,Instant Noodles With Soup,Pack,South Korea,3.5,
335,Goku Uma,Hot & Spicy Beef,Bowl,Japan,3.5,
334,Nissin,Big Cup Noodles Beef,Cup,USA,2.125,
333,Nissin,Big Cup Noodles Shrimp,Cup,USA,2.25,
332,Nongshim,Champong Oriental Noodles,Cup,South Korea,3.75,"_x000D_
"
328,Nongshim,Big Bowl Udon,Bowl,South Korea,4.5,
324,Nongshim,Big Bowl Spicy Shrimp,Bowl,South Korea,3.5,
323,Ottogi,Jin Ramen (Hot),Cup,South Korea,3.5,
320,Maruchan,Ramen Noodle Soup Spicy Picante Chicken,Pack,USA,4,
319,Maruchan,Ramen Noodle Soup Oriental,Pack,USA,3.75,
317,Maruchan,Yakisoba Cheddar Cheese,Tray,USA,4,
314,Paldo,Dosirac Mushroom,Tray,South Korea,2.5,
313,Paldo,Dosirac Shrimp,Tray,South Korea,4.25,
309,Paldo,Dosirac Beef,Tray,South Korea,3.75,
308,Tradition,Imitation Chicken Vegetarian,Pack,USA,3.75,
306,Rhee Bros Assi,Rice Noodle Anchovy Flavor,Tray,South Korea,3.75,
303,Paldo,Dosirac Artificial Chicken,Tray,South Korea,3.25,
302,Samyang,Bowl Noodle Picante Beef,Bowl,South Korea,3.75,
298,Nongshim,Hearty Rice Noodle Spicy Veggie Consomme,Pack,South Korea,2.75,
297,Rhee Bros Assi,Rice Noodle Hot & Spicy Kimchi,Tray,South Korea,3.25,
295,Tablemark,Soybean Paste,Bowl,Japan,4.5,
294,Paldo,South Korean Seafood,Pack,South Korea,3.75,
292,Paldo,South Korean U Dong,Pack,South Korea,3.75,
291,Nongshim,Shin Bowl,Bowl,South Korea,3,
289,Paldo,South Korean Broad Noodle,Pack,South Korea,2,
288,Saigon Ve Wong,Kung Fu Artificial Beef Rice Noodle,Pack,South Korea,3.25,
287,Paldo,King Cup Lobster,Cup,South Korea,3.75,
286,Myojo,Hyoubanya No Yakisoba Oriental,Tray,Japan,4,
283,Paldo,King Cup Kimchi Pot Stew,Cup,South Korea,4,
280,Rhee Bros Assi,Rice Noodle Katsuo,Tray,South Korea,4,
279,Rhee Bros Assi,Rice Noodles Seafood,Tray,South Korea,3.75,
278,Fortune,Udon Mushroom,Pack,USA,3,
271,Paldo,South Korean Noodle Kimchi Flavor,Pack,South Korea,3.5,
269,Paldo,Spicy Shrimp Bowl,Bowl,South Korea,3.5,
268,Nissin,Cup Noodles Spicy Chile Chicken,Cup,USA,3.5,
265,Nissin,Cup Noodles Chicken,Cup,USA,3.5,
263,Nissin,Chow Mein Kung Pao Chicken,Tray,USA,1.5,
260,Nissin,Bowl Noodles Hot & Spicy Shrimp,Bowl,USA,3.5,
257,Nissin,Cup Noodles Beef,Cup,USA,3.5,
256,Nissin,Cup Noodles Shrimp,Cup,USA,3.5,
253,Nongshim,Bowl Noodle Spicy Seafood,Bowl,USA,4.25,
252,Fortune,Udon Chicken,Pack,USA,3.25,
251,Fortune,Udon Beef,Pack,USA,3.5,
247,Myojo,Udon Mushroom,Pack,Japan,3,
245,Six Fortune,Broad Noodles,Pack,South Korea,3.75,
244,Nissin,Karashi Mayo Yakisoba,Tray,Japan,4.75,
243,Myojo,Udon Hot & Spicy,Pack,Japan,4.5,
241,Fu Chang Chinese Noodle Company,Hot & Spicy Beef,Tray,USA,4,
240,Sanyo Foods,Aunt Mentaiko Durum Spaghetti,Bowl,Japan,4.5,
239,Ottogi,Ppushu Ppushu Sweet & Sour,Pack,South Korea,1.75,
238,Nissin,Chow Noodles Tomato Basil,Bowl,USA,4,
234,Myojo,Udon Shrimp,Pack,Japan,3.75,
229,Myojo,Udon Chicken,Pack,Japan,3.75,
226,Nissin,Chow Noodles Cheddar Cheese,Tray,USA,4,
225,Ottogi,Snack Ramyon,Pack,South Korea,3.75,
222,Myojo,Udon Crab,Pack,Japan,3,
221,Nissin,Top Ramen Beef,Pack,USA,3.75,
219,Six Fortune,Tom Yam Instant soup Noodle,Pack,South Korea,2.75,
218,Maruchan,Yakisoba Sweet & Sour Chicken,Tray,USA,3,
217,Samyang,Bowl Noodle Kimchi,Bowl,South Korea,4,
216,Maruchan,Instant Lunch Roast Chicken Flavor,Cup,USA,2.75,
215,Maruchan,Yakisoba Chicken,Tray,USA,2,
214,Maruchan,Yakisoba Teriyaki Beef,Tray,USA,2,
213,Nongshim,Bowl Noodle Spicy Artificial Lobster,Bowl,USA,4,
212,Maruchan,Yakisoba Roast chicken,Tray,USA,3.75,
209,Nissin,Souper Meal Beef Flavor Minestrone,Bowl,USA,3,
207,Sapporo Ichiban,Original Flavor,Pack,USA,3.5,
206,Bon Go Jang,Deuchi Udon,Bowl,South Korea,3,
205,Sapporo Ichiban,Beef Flavor,Pack,USA,4.5,
204,Nongshim,Bowl Noodle Spicy Shrimp,Bowl,USA,2.5,
203,Nongshim,Bowl Noodle Hot & Spicy,Bowl,USA,2,
202,Nongshim,Bowl Noodle Cabbage Kimchi,Bowl,USA,3.25,
201,Nongshim,Bowl Noodle Beef Ginger,Bowl,USA,3.5,
200,Nongshim,Bowl Noodle Spicy Chicken,Bowl,USA,4.5,
199,Samyang,Chinese Soybean Paste,Pack,South Korea,2,
198,Shirakiku,Sanukiya Somen,Bowl,Japan,4.25,
197,Rhee Bros Assi,Rice Noodle With Spicy Flavored Soup,Tray,South Korea,2.25,
195,Myojo,Chukazanmai Served Cool Sesame Flavored Rice Vinegar Sesame,Pack,Japan,3,
192,Paldo,Soy Flavor Noodle,Pack,South Korea,4.25,
188,Nongshim,Udon,Pack,South Korea,4,
187,Paldo,Hwa Ramyun Soy Peptide,Pack,South Korea,4,
186,Paldo,Teumsae Ramyun,Pack,South Korea,3.5,
185,Shirakiku,Sanukiya Udon,Bowl,Japan,3.75,
184,Myojo,Chukazanmai Soy Sauce,Pack,Japan,3.75,
183,Nissin,Bowl Noodles Hot & Spicy Chicken,Bowl,USA,2,
182,Myojo,Chukazanmai Soy Sauce chili Oil,Pack,Japan,3.25,
180,Myojo,Hyobanya No Yakisoba Sauce Flavor,Tray,Japan,4.75,
176,Paldo,Dosirac Pork,Tray,South Korea,4.125,
175,Samyang,Cold Ramen With Ponytail Radish,Pack,South Korea,3,
171,Samyang,Japanese Seafood Flavor Udon,Pack,South Korea,3.75,
170,Myojo,Chukazanmai Soybean Paste,Pack,Japan,3.5,
169,Samyang,Seafood Party,Pack,South Korea,2.25,
168,JFC,Japanese Style Noodle Fresh Udon,Bowl,Japan,3.75,
166,Koyo,Garlic Pepper,Pack,USA,3.25,
162,Myojo,Chukazanmai Oriental,Pack,Japan,3.75,
161,Paldo,Green Tea Chlorella,Pack,South Korea,0,
160,Myojo,Ramen Desse Soy Sauce,Bowl,Japan,1.5,
156,Maruchan,Instant Lunch Cajun Style With chili Piquin Shrimp,Cup,USA,3,
154,Nissin,Creamy Chicken,Cup,USA,1.75,
153,Sapporo Ichiban,Shrimp Flavor,Cup,USA,1.75,
151,Shirakiku,Japanese Style Tokusen Miso,Pack,Japan,3,
150,Chorip Dong,Jjambbong Hot Spicy Seafood,Bowl,South Korea,4.25,
149,Maruchan,Akai Kitsune Udon,Bowl,Japan,4,
148,Myojo,Okinawa Soba,Pack,Japan,3.75,
147,Higashi,Nagasaki Sara Udon,Pack,Japan,5,
145,Sakurai,Vegetarian Flavor,Pack,Japan,3.5,
144,Nongshim,Kimchi Ramyun,Pack,South Korea,3.5,
142,Nissin,Chow Mein Teriyaki Beef,Tray,USA,4.5,
141,Six Fortune,Seafood Flavor,Pack,South Korea,2.5,
137,Nissin,Bowl Noodles Rich & Savory Chicken,Bowl,USA,1.75,
134,Global Inspiration,Gyeong-Gi-Do Rice,Bowl,South Korea,2.25,
130,Sapporo Ichiban,Miso Soybean Paste,Pack,Japan,3.5,
129,Nongshim,Mupama Tang Myun,Pack,South Korea,3.5,
125,Shirakiku,Japanese Style Tokusen Karami,Pack,Japan,3,
124,Nissin,Yakisoba With Mayonnaise/Mustard Packet,Tray,Japan,5,
121,Ottogi,Bekse Curry,Pack,South Korea,4,
120,Samyang,Beef,Pack,South Korea,4,
118,Paldo,Bibim Men,Pack,South Korea,3.75,
117,Ottogi,Ramyonsari,Pack,South Korea,4,
115,Ottogi,Miso Ramyun,Pack,South Korea,2.8,
114,Samyang,Kimchi,Pack,South Korea,2.9,
113,Nongshim,Hooroorook ,Pack,South Korea,4,
112,Ottogi,Jiajang Noodle,Pack,South Korea,3.75,
111,Ottogi,Odongtongmyon Seafood Spicy,Pack,South Korea,3.25,
108,Teriyaki Time,Ramen,Bowl,USA,2,
107,Ottogi,Pow Crunch Teriyaki,Pack,South Korea,1.1,
104,Maruchan,Ramen Noodle Soup Chicken,Pack,USA,2,
88,Paldo,South Korean Noodle Chicken,Pack,South Korea,3.25,
85,Nissin,Demae Ramen Sesame,Pack,Japan,3.75,
84,Samyang,Kalgug-Su Assorted Clam,Pack,South Korea,1.8,
83,Nissin,Demae Ramen Spicy Flavor,Pack,Japan,2,
82,Nissin,Demae Ramen Miso,Pack,Japan,2.75,
79,Sapporo Ichiban,Kitsune Udon,Pack,Japan,3.25,
78,Nissin,Demae Ramen Seafood,Pack,Japan,2.5,
77,Nissin,Demae Ramen Prawn,Pack,Japan,3.25,
74,Nissin,Demae Ramen Shoyu,Pack,Japan,4,
73,Nissin,Demae Ramen Five Spices Artificial Beef,Pack,Japan,3.5,
72,Nissin,Demae Ramen Tonkatsu Artificial Pork,Pack,Japan,3.5,
71,Nissin,Demae Ramen Satay,Pack,Japan,2.5,
70,Nissin,Demae Ramen XO Sauce Seafood,Pack,Japan,4,
67,Maruchan,Ramen Noodle Soup Lime Chili Shrimp,Pack,USA,2,
66,Maruchan,Ramen Noodle Soup Pork,Pack,USA,4,
65,Nissin,Top Ramen Oriental,Pack,USA,2.5,
64,Sapporo Ichiban,Chicken Flavor,Pack,USA,3.5,
63,Nissin,Souper Meal Chicken Flavor With Vegetable Medley,Bowl,Japan,3,
34,Maruchan,Ramen Noodle Soup Shrimp,Pack,USA,2,
31,Myojo,Ippeichan Yakisoba,Tray,Japan,4,2013 #6
30,Myojo,Special Duck,Pack,Japan,1,
28,Nissin,Chikin Ramen,Pack,Japan,5,
27,Nissin,Demae Ramen Curry Flavor,Pack,Japan,4,
26,Nissin,Soba Noodles With Mayo Mustard Squirt,Pack,Japan,4,
25,Nissin,Demae Ramen Spicy Flavor,Pack,Japan,3,
24,Nissin,Demae Ramen Spicy Seafood With Chili Pepper,Pack,Japan,2,
23,Nissin,Top Ramen Creamy Chicken,Pack,USA,4.5,
22,Nongshim,Ansungtangmyun Noodle Soup,Pack,South Korea,3.75,
21,Nongshim,Champong Oriental Noodles,Pack,South Korea,4,
20,Nongshim,Neoguri (Seafood'n'Spicy),Pack,South Korea,3.5,
19,Nongshim,Shin Ramyun,Pack,South Korea,4,
18,Ottogi,Jin Ramen (Hot Taste),Pack,South Korea,3.5,
16,Samyang,Kalgug-Su (Spicy),Pack,South Korea,3.5,
15,Samyang,Pojangmacha U-dong,Pack,South Korea,2.5,
14,Samyang,Hot,Pack,South Korea,3.5,
13,Sapporo Ichiban,Chow Mein,Pack,Japan,5,2012 #4
12,Sapporo Ichiban,Shrimp Flavor,Pack,Japan,2.5,
11,Six Fortune,Chicken Flavor Instant Soup Noodle,Pack,South Korea,2,
10,Smack,Vegetable Beef,Pack,USA,1.5,
9,Sutah,Cup Noodle,Cup,South Korea,2,
1,Westbrae,Miso Ramen,Pack,USA,0.5,
